,date,best_lineup,best_pred_score,best_cost,best_actual_score,best_lineup_pred,best_pred_score_pred,best_cost_pred,best_actual_score_pred
0,2011-04-29,"['Tony Parker', 'Gary Neal', 'Marc Gasol', 'Zach Randolph', 'Shane Battier', 'Tony Parker', 'Manu Ginobili', 'Tony Allen']",205.61308670043945,509.44531354273016,229.5,"['O.J. Mayo', 'Tim Duncan', 'Mike Conley', 'Shane Battier', 'Zach Randolph', 'Mike Conley', 'Tony Allen', 'Marc Gasol']",207.73793601989746,412.54208561114143,203.5
1,2011-04-28,"['Andre Miller', 'Dwight Howard', 'Kirk Hinrich', 'Kobe Bryant', 'Gerald Wallace', 'Dirk Nowitzki', 'Gerald Wallace', 'Chris Paul']",266.26257705688477,580.6717787780261,323.75,"['Gerald Wallace', 'Dwight Howard', 'Jameer Nelson', 'Gerald Wallace', 'LaMarcus Aldridge', 'Gerald Wallace', 'Jameer Nelson', 'Kobe Bryant']",282.6676998138428,578.2784407434888,335.5
2,2011-04-27,"['Ty Lawson', 'Dwyane Wade', 'Zach Randolph', 'James Harden', 'Dwyane Wade', 'Dwyane Wade', 'Andre Iguodala', 'Kenyon Martin']",280.11593437194824,501.86376827625844,348.5,"['Eric Maynor', 'Zach Randolph', 'Raymond Felton', 'Jrue Holiday', 'LeBron James', 'Kevin Durant', 'Russell Westbrook', 'Zach Randolph']",264.0308532714844,512.9774551176421,304.25
3,2011-04-26,"['Ryan Anderson', 'Marco Belinelli', 'Luol Deng', 'Chris Paul', 'Paul George', 'Derek Fisher', 'Joakim Noah', 'Danny Granger']",190.15627098083496,467.19803275051896,256.25,"['Andrew Bynum', 'Derrick Rose', 'Chris Paul', 'Derrick Rose', 'Marvin Williams', 'Mike Dunleavy', 'Kobe Bryant', 'Al Horford']",261.71130752563477,435.38086891416566,273.0
4,2011-04-25,"['Serge Ibaka', 'Gerald Wallace', 'Jason Terry', 'Ty Lawson', 'LaMarcus Aldridge', 'Gerald Wallace', 'Kevin Durant', 'Russell Westbrook']",250.61181259155273,571.4220890588041,301.75,"['Marc Gasol', 'Zach Randolph', 'Gerald Wallace', 'Kevin Durant', 'Jason Terry', 'Raymond Felton', 'Russell Westbrook', 'Andre Miller']",253.59812355041504,452.8930033519301,257.5
5,2011-04-24,"['Jeff Green', 'Dwight Howard', 'Kobe Bryant', 'Chris Paul', 'Dwyane Wade', 'Chris Bosh', 'Jamal Crawford', 'Jrue Holiday']",246.45212745666504,562.1212461702683,317.25,"['Chris Paul', 'Andres Nocioni', 'Dwight Howard', 'Josh Smith', 'Landry Fields', 'Carmelo Anthony', 'Josh Smith', ""Amar'e Stoudemire""]",261.31789207458496,504.4200885240514,283.75
6,2011-04-23,"['Nene Hilario', 'Kevin Durant', 'Derrick Rose', 'LaMarcus Aldridge', 'LaMarcus Aldridge', 'Russell Westbrook', 'Manu Ginobili', 'Manu Ginobili']",253.20357990264893,540.0165462798446,335.25,"['Kevin Durant', 'Tim Duncan', 'Jason Terry', 'Danny Granger', 'Kevin Durant', 'Jason Kidd', 'Mike Conley', 'Dirk Nowitzki']",255.09539413452148,436.7730978550132,299.75
7,2011-04-22,"['Jason Richardson', 'Rajon Rondo', 'Trevor Ariza', 'Pau Gasol', 'Ray Allen', 'Paul Pierce', 'Jameer Nelson', 'Shawne Williams']",191.02030563354492,567.723075667743,352.25,"['Troy Murphy', 'Chris Paul', 'Chris Paul', 'Al Horford', 'Carmelo Anthony', 'Josh Smith', 'Al Horford', 'Kobe Bryant']",258.6112308502197,419.10153964308887,265.0
8,2011-04-21,"['Joakim Noah', 'Dwyane Wade', 'Danny Granger', 'Andre Miller', 'Danny Granger', 'LeBron James', 'Gerald Wallace', 'Jason Terry']",244.6373691558838,634.3839240269212,322.75,"['Elton Brand', 'Dwyane Wade', 'Danny Granger', 'Derrick Rose', 'Gerald Wallace', 'Derrick Rose', 'Roy Hibbert', 'Dwyane Wade']",284.94639015197754,697.2752638442951,316.75
9,2011-04-20,"['Manu Ginobili', 'Metta World Peace', 'Chris Paul', 'Marc Gasol', 'Jarrett Jack', 'Kendrick Perkins', 'Kevin Durant', 'Trevor Ariza']",183.96253871917725,525.3642282106347,262.25,"['Zach Randolph', 'Zach Randolph', 'James Harden', 'J.R. Smith', 'Wilson Chandler', 'Kevin Durant', 'Russell Westbrook', 'James Harden']",230.46768379211426,389.29157184804745,203.75
10,2011-04-19,"['Carmelo Anthony', 'Rajon Rondo', 'Jamal Crawford', 'Dwight Howard', 'Gerald Wallace', 'Rajon Rondo', 'Carmelo Anthony', 'Andre Miller']",235.60514450073242,555.7545640616686,419.25,"['Gerald Wallace', ""Amar'e Stoudemire"", 'Ray Allen', 'Shawn Marion', 'Dwight Howard', 'Jason Kidd', 'Jason Kidd', 'Dwight Howard']",258.09864807128906,563.077803660179,292.75
11,2011-04-18,"['Derrick Rose', 'Josh McRoberts', 'Chris Bosh', 'Danny Granger', 'LeBron James', 'Derrick Rose', 'Derrick Rose', 'Andre Iguodala']",290.77185249328613,698.7781596521003,345.25,"['Andre Iguodala', 'Roy Hibbert', 'Derrick Rose', 'Dwyane Wade', 'Derrick Rose', 'Jrue Holiday', 'Chris Bosh', 'LeBron James']",294.33119201660156,637.4065174245734,310.0
12,2011-04-17,"['Chris Paul', 'Ray Allen', 'Rajon Rondo', 'Trevor Ariza', 'Chris Paul', 'Zach Randolph', 'Zach Randolph', 'Kevin Durant']",256.34976959228516,685.8360198757159,392.75,"['Chris Paul', 'O.J. Mayo', 'Chauncey Billups', 'Chris Paul', 'Kevin Durant', 'Kevin Garnett', 'Carmelo Anthony', 'Serge Ibaka']",260.0867385864258,612.2346916934638,325.5
13,2011-04-16,"['LeBron James', 'Marcus Camby', 'LeBron James', 'Joe Johnson', 'Jameer Nelson', 'Zydrunas Ilgauskas', 'Derrick Rose', 'Shawn Marion']",208.4297342300415,599.9437618223059,325.0,"['LeBron James', 'Wesley Matthews', 'Jameer Nelson', 'Derrick Rose', 'Jason Terry', 'LaMarcus Aldridge', 'Dwight Howard', 'Josh Smith']",251.17069816589355,516.3195173890847,318.25
14,2011-04-13,"['Jeff Green', 'Brandon Jennings', 'Lamar Odom', 'Chase Budinger', 'Gerald Henderson', 'Marcin Gortat', 'Jarrett Jack', 'Shane Battier']",176.67928314208984,575.1357584321997,320.75,"['Josh Smith', 'David Lee', 'Christian Eyenga', 'Josh Smith', 'Hedo Türkoğlu', 'Chris Paul', 'Patty Mills', 'Kevin Love']",223.1711139678955,271.4394345402514,129.75
15,2011-04-12,"['Pau Gasol', 'Derrick Rose', 'Luol Deng', 'Kobe Bryant', 'Derrick Rose', 'LaMarcus Aldridge', 'Nicolas Batum', 'Kobe Bryant']",275.17076301574707,592.7869172733999,312.25,"['Carmelo Anthony', 'Zach Randolph', 'Carmelo Anthony', 'Andre Miller', 'Gerald Wallace', 'Derrick Rose', 'Luol Deng', 'Carmelo Anthony']",280.429780960083,382.55723926216996,238.25
16,2011-04-11,"['Dirk Nowitzki', 'Anthony Tolliver', 'Jameer Nelson', 'DeMarcus Cousins', 'Josh Smith', 'Beno Udrih', 'Russell Westbrook', 'Devin Harris']",216.3255214691162,555.0311339739131,334.25,"['Carlos Arroyo', 'Paul Millsap', 'Kevin Durant', 'Jrue Holiday', 'Travis Outlaw', 'Chris Paul', 'Stephen Curry', 'LeBron James']",228.73111820220947,410.1480020162095,295.25
17,2011-04-10,"['Jason Terry', 'Rodney Stuckey', 'Rodney Stuckey', 'Brook Lopez', 'Roy Hibbert', 'Derrick Rose', 'Ryan Anderson', 'Jason Richardson']",207.30457878112793,636.4845256034095,352.75,"['Pau Gasol', 'Dirk Nowitzki', 'DeMarcus Cousins', 'Danny Granger', 'Lamar Odom', 'Russell Westbrook', 'Chris Paul', 'Eduardo Najera']",261.81957626342773,403.2750654028916,230.0
18,2011-04-09,"['J.R. Smith', 'John Wall', 'John Salmons', 'Devin Harris', 'Chuck Hayes', 'Ty Lawson', 'Drew Gooden', 'Baron Davis']",206.37276649475098,538.3708003316794,343.75,"['Danilo Gallinari', 'Daniel Gibson', 'Ramon Sessions', 'Danilo Gallinari', 'Kyle Lowry', 'Tim Duncan', 'Al Jefferson', 'Tim Duncan']",220.2881565093994,290.5658112412935,150.25
19,2011-04-08,"['Emeka Okafor', 'Chris Bosh', 'LeBron James', 'Jerryd Bayless', 'Tyreke Evans', 'Andre Miller', 'Jeff Teague', 'Paul Pierce']",209.9690179824829,537.6194237227996,326.0,"['Chris Bosh', 'Brandon Jennings', 'Kirk Hinrich', 'Al Horford', 'Carmelo Anthony', 'Chauncey Billups', 'Chris Paul', 'Kevin Durant']",254.4632511138916,545.3125412163231,283.75
20,2011-04-07,"['Gerald Wallace', 'Gerald Wallace', 'Derrick Rose', 'Wesley Matthews', 'Derrick Rose', 'Carlos Boozer', 'Luol Deng', 'Al Jefferson']",247.77347373962402,622.542638027973,350.25,"['LaMarcus Aldridge', 'Nicolas Batum', 'Devin Harris', 'Paul Millsap', 'Derrick Rose', 'Rajon Rondo', 'Ronnie Brewer', 'Ray Allen']",234.0292263031006,561.7379197710603,239.5
21,2011-04-06,"['Roy Hibbert', 'Marcin Gortat', 'Carmelo Anthony', 'Russell Westbrook', 'Carmelo Anthony', 'Chris Kaman', 'Jrue Holiday', 'DeMarcus Cousins']",251.1346092224121,520.9867371653299,340.25,"['Peja Stojakovic', 'Steve Nash', 'Grant Hill', 'Kyle Lowry', 'Blake Griffin', 'Andre Iguodala', ""Amar'e Stoudemire"", 'Carmelo Anthony']",250.85400009155273,423.03700358579556,275.75
22,2011-04-05,"['Jeff Green', 'Brandon Jennings', 'Greg Monroe', 'Blake Griffin', 'Dwight Howard', 'Steve Nash', 'Deron Williams', 'Deron Williams']",278.54539489746094,495.12688832601157,346.5,"['Chris Kaman', 'Carlos Boozer', 'Deron Williams', 'Carmelo Anthony', 'John Wall', 'Rodney Stuckey', 'Kevin Love', 'Blake Griffin']",284.558801651001,406.0779212964205,269.25
23,2011-04-03,"['James Jones', 'D.J. Augustin', 'James Johnson', 'LeBron James', 'Deron Williams', 'D.J. Augustin', 'Carmelo Anthony', 'Gerald Wallace']",222.53286361694336,643.1605249567592,305.0,"['Carmelo Anthony', 'Ryan Anderson', 'LeBron James', 'Lamar Odom', 'Kirk Hinrich', 'Roger Mason Jr.', 'Kirk Hinrich', 'Carmelo Anthony']",219.63409805297852,415.08942398478865,207.75
24,2011-04-02,"['Jerryd Bayless', 'Marc Gasol', 'Jerryd Bayless', 'Derrick Rose', 'Leandro Barbosa', 'O.J. Mayo', 'Derrick Rose', 'Jerryd Bayless']",213.89902687072754,585.8869395520591,358.25,"['Blake Griffin', 'Marc Gasol', 'Russell Westbrook', 'Michael Beasley', 'Derrick Rose', 'Blake Griffin', 'Dorell Wright', 'Andre Iguodala']",286.8540210723877,495.0941909502452,309.75
25,2011-04-01,"['Kurt Thomas', 'Kevin Durant', 'Brandan Wright', 'Derrick Rose', 'Luke Harangody', 'Al Horford', 'Tony Parker', 'Francisco Garcia']",191.15633535385132,560.7264122010774,313.0,"['Brandon Roy', 'Zach Randolph', 'Andrew Bogut', 'Ramon Sessions', 'Dwyane Wade', 'Russell Westbrook', 'John Wall', 'Chris Paul']",272.38151359558105,410.54333328045686,240.75
26,2011-03-31,"['Tony Parker', 'Paul Pierce', 'Shawn Marion', 'Richard Jefferson', 'Andrew Bynum', 'Rajon Rondo', 'Ray Allen', 'Lamar Odom']",208.14699172973633,486.6721398031573,287.25,"['Peja Stojakovic', 'Rajon Rondo', 'Dirk Nowitzki', 'Kobe Bryant', 'George Hill', 'Shawn Marion', 'Tony Parker', 'Lamar Odom']",212.72845840454102,441.3049430020257,269.5
27,2011-03-30,"['Josh McRoberts', 'Brandon Jennings', 'Nene Hilario', 'Chauncey Billups', 'Jordan Crawford', 'Chauncey Billups', 'James Harden', 'Rodney Stuckey']",200.64652156829834,669.1234496644623,368.0,"['Mike Dunleavy', 'Zach Randolph', 'Derrick Rose', 'Stephen Jackson', 'Brandon Jennings', 'Dorell Wright', 'Marcus Thornton', 'Blake Griffin']",272.57169342041016,554.2633286543961,280.5
28,2011-03-29,"['Marcus Thornton', 'DeMarcus Cousins', 'LeBron James', 'Tyreke Evans', 'David Lee', 'Stephen Curry', 'Grant Hill', 'Steve Nash']",226.88372993469238,624.0349973225688,349.0,"['Ramon Sessions', 'Grant Hill', 'Steve Nash', 'Samuel Dalembert', 'David Lee', 'Dwyane Wade', 'LeBron James', 'Beno Udrih']",230.53812217712402,546.6002765217174,284.5
29,2011-03-28,"['JaVale McGee', 'John Wall', 'Andre Iguodala', 'Dwight Howard', 'Brandon Jennings', 'Dwight Howard', 'Danny Granger', 'Nicolas Batum']",278.14870834350586,623.3798399581511,354.25,"['Luc Mbah a Moute', 'Josh McRoberts', 'Andre Miller', 'Andre Iguodala', 'Andrew Bogut', 'Derrick Rose', 'Derrick Rose', 'Darren Collison']",252.5770034790039,466.02363928636487,277.5
30,2011-03-27,"['Marcin Gortat', 'Kevin Martin', 'John Wall', 'Carl Landry', 'Russell Westbrook', 'Anthony Tolliver', 'Jared Dudley', 'Darko Miličić']",203.59639835357666,652.5660870608148,351.5,"['Chris Bosh', 'LaMarcus Aldridge', 'Gerald Wallace', 'Marvin Williams', 'Russell Westbrook', 'Mike Bibby', 'Chris Paul', 'Kobe Bryant']",239.02099227905273,614.5495170911394,334.0
31,2011-03-26,"['Carmelo Anthony', 'Chauncey Billups', 'Luc Mbah a Moute', 'Blake Griffin', 'Carlos Boozer', 'Carmelo Anthony', 'John Salmons', 'Jordan Farmar']",224.56505489349365,557.2876978739637,297.25,"['Amir Johnson', 'Danny Granger', 'Boris Diaw', 'Devin Harris', ""Amar'e Stoudemire"", 'Jason Kidd', 'Jason Kidd', 'Chauncey Billups']",239.39558601379395,440.4917372586491,210.5
32,2011-03-25,"['Tiago Splitter', 'Carmelo Anthony', 'Dwyane Wade', ""Amar'e Stoudemire"", 'LeBron James', 'Jordan Farmar', 'Kevin Durant', 'Ramon Sessions']",256.5370330810547,582.3687611091106,347.25,"['Andrea Bargnani', 'Carmelo Anthony', 'Kevin Durant', 'Steve Nash', 'Danny Granger', 'Kevin Durant', 'Mo Williams', 'John Salmons']",268.1459197998047,546.2349004641981,253.25
33,2011-03-24,"['Jason Kidd', 'Anthony Randolph', 'Dirk Nowitzki', 'Chris Paul', 'Dirk Nowitzki', 'Shawn Marion', 'Anthony Randolph', 'Anthony Randolph']",232.52710342407227,633.4649945607933,391.5,"['Jason Kidd', 'Chris Paul', 'Peja Stojakovic', 'DeShawn Stevenson', 'Dirk Nowitzki', 'David West', 'Shawn Marion', 'Michael Beasley']",221.14754486083984,412.43726904459936,252.25
34,2011-03-23,"['Jianlian Yi', 'Russell Westbrook', 'Josh Smith', 'John Wall', 'Raymond Felton', 'Kevin Martin', 'Aaron Brooks', 'Raymond Felton']",222.6178913116455,577.6411170468257,356.25,"['Rajon Rondo', 'Chris Bosh', 'Kevin Durant', 'Gilbert Arenas', 'Dwight Howard', 'Boris Diaw', 'Jordan Crawford', 'Raymond Felton']",246.25767517089844,477.1406225839487,301.75
35,2011-03-22,"['Derrick Rose', 'Marcin Gortat', 'Jeff Teague', 'Joe Johnson', 'Derrick Rose', 'Gerald Wallace', 'Nicolas Batum', 'Channing Frye']",231.48028755187988,655.8693077018432,367.25,"['Josh Smith', 'Josh Smith', 'LaMarcus Aldridge', 'Al Horford', 'Gerald Wallace', 'Derrick Rose', 'Derrick Rose', 'John Wall']",289.6818103790283,476.1036524803916,289.5
36,2011-03-21,"['Daniel Gibson', 'Derrick Rose', 'Rajon Rondo', 'C.J. Watson', 'Dwight Howard', 'Steve Novak', 'Dwight Howard', 'Ray Allen']",221.42133140563965,417.3491269575266,331.5,"['Jason Richardson', 'Zach Randolph', 'Ty Lawson', 'Derrick Rose', 'Tyler Hansbrough', 'Ray Allen', 'Ronnie Brewer', 'Tyreke Evans']",228.2327117919922,360.24566056934407,208.25
37,2011-03-20,"['Patrick Patterson', 'Pau Gasol', 'John Wall', 'Kirk Hinrich', 'Nicolas Batum', 'Kyle Lowry', 'Rodney Stuckey', 'James Harden']",204.33936023712158,481.0479205276781,340.75,"['Jason Kidd', 'Joe Johnson', 'Kirk Hinrich', 'DeMarcus Cousins', 'Robin Lopez', 'Kevin Durant', 'Kevin Durant', 'Lazar Hayward']",232.00109195709229,341.9847566420856,178.75
38,2011-03-19,"['LeBron James', 'Chris Paul', 'JJ Hickson', 'Lou Williams', 'Paul Pierce', 'Tony Allen', 'Tony Allen', 'Tony Allen']",180.67588806152344,598.2123740598212,356.5,"['Gerald Wallace', 'Baron Davis', 'Elton Brand', 'Rajon Rondo', 'David West', 'LeBron James', 'Jrue Holiday', 'Mike Conley']",230.99531745910645,411.88017358995614,269.75
39,2011-03-18,"['Derrick Rose', 'Wesley Johnson', 'Trevor Booker', 'Steve Nash', 'Hedo Türkoğlu', 'Dwight Howard', 'Marcin Gortat', 'Carlos Delfino']",215.20330333709717,624.9857684445413,381.25,"['Othyus Jeffers', 'Chris Bosh', 'Andray Blatche', 'Carmelo Anthony', 'Russell Westbrook', 'Ray Allen', 'Dorell Wright', 'Russell Westbrook']",238.1654872894287,300.10616702375245,194.5
40,2011-03-17,"['Toney Douglas', 'JJ Hickson', 'Wesley Matthews', 'Nicolas Batum', 'Kris Humphries', 'Derrick Rose', 'Carmelo Anthony', 'Deron Williams']",215.55227088928223,473.33558750183437,256.25,"['Deron Williams', 'Carmelo Anthony', ""Amar'e Stoudemire"", 'Rudy Fernandez', 'Deron Williams', 'Deron Williams', 'LaMarcus Aldridge', 'Gerald Wallace']",266.74893379211426,438.13602931558137,254.25
41,2011-03-16,"['Marcus Thornton', 'Darko Miličić', 'Jarrett Jack', 'Dwight Howard', 'DeAndre Jordan', 'Kevin Durant', 'Chase Budinger', 'Andrei Kirilenko']",200.47454452514648,569.2420799496447,292.0,"['Devin Harris', 'Grant Hill', 'Raymond Felton', 'Al Horford', 'Kevin Durant', 'Gilbert Arenas', 'Anthony Randolph', 'Russell Westbrook']",242.91070938110352,383.8419172712455,207.75
42,2011-03-15,"['Wesley Matthews', 'JaVale McGee', 'LaMarcus Aldridge', 'JaVale McGee', 'Joe Johnson', 'Ronnie Brewer', 'Ronnie Brewer', 'JaVale McGee']",199.03865814208984,395.4030544498588,341.25,"['Andrew Bogut', 'Carmelo Anthony', 'Gerald Wallace', ""Amar'e Stoudemire"", 'Carmelo Anthony', 'Carmelo Anthony', 'Dirk Nowitzki', 'Derrick Rose']",297.04712677001953,494.032497282246,317.5
43,2011-03-14,"['Raymond Felton', 'Russell Westbrook', 'Russell Westbrook', 'Spencer Hawes', 'LeBron James', 'Vladimir Radmanovic', 'Chris Paul', 'Vince Carter']",229.25600624084473,479.1284899109403,342.0,"['Donte Greene', 'David West', 'Grant Hill', 'LeBron James', 'Zach Randolph', 'Paul Pierce', 'Chris Paul', 'Kyle Lowry']",239.84273529052734,452.6600513186934,259.0
44,2011-03-13,"['Nenad Krstic', 'Stephen Curry', 'Aaron Brooks', 'Stephen Jackson', 'D.J. Augustin', 'Kevin Durant', 'Reggie Evans', 'Serge Ibaka']",199.0156707763672,491.54966523585057,290.0,"['Dwight Howard', 'Kevin Durant', 'Carmelo Anthony', 'Russell Westbrook', 'Vince Carter', 'Reggie Williams', 'Michael Beasley', 'Kevin Love']",283.65120124816895,424.50609057973224,231.75
45,2011-03-12,"['David West', 'Earl Boykins', 'Marvin Williams', 'Luc Mbah a Moute', 'J.R. Smith', 'J.R. Smith', 'Chase Budinger', 'Al Jefferson']",173.46873378753662,481.7957491846902,308.0,"['LeBron James', 'Chris Paul', 'Richard Jefferson', 'Darrell Arthur', 'Derrick Rose', 'Paul Millsap', 'Jrue Holiday', 'Rodney Stuckey']",231.21563148498535,396.1935498850559,205.25
46,2011-03-11,"['Darren Collison', 'Jason Richardson', 'Manu Ginobili', 'Gerald Wallace', 'Kevin Garnett', 'Kevin Durant', 'Dwight Howard', 'Darko Miličić']",219.85597896575928,572.234648195607,313.25,"['Ronnie Brewer', 'Al Jefferson', 'Rajon Rondo', 'DeJuan Blair', 'Kevin Durant', 'Chris Kaman', 'Andre Miller', 'Kevin Durant']",249.89986038208008,381.9770797274991,272.75
47,2011-03-10,"['Carmelo Anthony', 'Metta World Peace', 'Marcin Gortat', 'Marcin Gortat', 'Wilson Chandler', ""Amar'e Stoudemire"", 'Ty Lawson', 'LeBron James']",218.61364936828613,544.7260757847484,353.75,"[""Amar'e Stoudemire"", 'LeBron James', 'Jason Terry', 'Dirk Nowitzki', 'Carmelo Anthony', 'Dwyane Wade', 'Raymond Felton', 'Jason Kidd']",281.76899909973145,529.4715059535848,288.0
48,2011-03-09,"['Russell Westbrook', 'Daniel Gibson', 'Ryan Gomes', 'Kevin Love', 'Kevin Durant', 'Landry Fields', 'Nick Collison', 'Russell Westbrook']",199.02342891693115,534.0312852682607,320.0,"['DeMar DeRozan', 'Joey Graham', 'Derrick Rose', 'Devin Harris', 'Rajon Rondo', 'Dirk Nowitzki', 'Samuel Dalembert', 'Carmelo Anthony']",225.74120712280273,498.1698012411754,271.5
49,2011-03-08,"['Andrew Bynum', 'Monta Ellis', 'Baron Davis', 'Pau Gasol', 'Kyle Lowry', 'John Salmons', 'Vince Carter', 'Gerald Wallace']",205.45466995239258,611.0087786598515,360.0,"['Daniel Gibson', 'Lou Williams', 'Vladimir Radmanovic', 'Chris Bosh', 'LeBron James', 'Andray Blatche', 'Dwyane Wade', 'Brandon Jennings']",229.2916374206543,359.33544500755136,215.0
50,2011-03-07,"['Dirk Nowitzki', 'Jarrett Jack', 'Marco Belinelli', 'Kevin Love', 'Shawn Marion', 'Kevin Love', 'Mike Conley', 'Boris Diaw']",222.00852584838867,597.8078913586011,335.25,"['Quentin Richardson', 'Carmelo Anthony', 'Carmelo Anthony', ""Amar'e Stoudemire"", 'Derrick Rose', 'Marc Gasol', 'Derrick Rose', 'David West']",273.2549777030945,469.91145252479936,304.0
51,2011-03-06,"['Steve Nash', 'Vince Carter', 'Dirk Nowitzki', 'Vince Carter', 'LeBron James', 'Marcin Gortat', 'Vince Carter', 'Jason Terry']",216.77546310424805,518.0578401764008,330.0,"[""Amar'e Stoudemire"", 'Derek Fisher', 'Shawn Marion', 'Pau Gasol', 'Glen Davis', 'Stephen Curry', 'Josh Smith', 'Kyle Korver']",212.18864822387695,418.6228305411514,210.5
52,2011-03-05,"['DeMarcus Cousins', 'Andray Blatche', 'Raymond Felton', 'DeMar DeRozan', 'Gerald Henderson', 'John Wall', 'Marcus Thornton', 'Andrea Bargnani']",201.30354118347168,673.0311636469548,340.75,"['Rashard Lewis', 'Rudy Fernandez', 'Boris Diaw', 'Beno Udrih', 'Luke Ridnour', 'Blake Griffin', 'Kevin Love', 'Raymond Felton']",225.5050868988037,456.89536897425984,255.25
53,2011-03-04,"['Darren Collison', 'Kris Humphries', ""Amar'e Stoudemire"", 'Andrew Bynum', 'LeBron James', 'Brandon Jennings', 'Kris Humphries', 'Paul Pierce']",234.69597625732422,566.7268347739335,343.25,"['Andre Iguodala', 'Kevin Love', 'LeBron James', 'Brandon Jennings', 'Derrick Rose', 'Kevin Durant', 'Dwyane Wade', 'Peja Stojakovic']",291.291898727417,495.0958347228453,319.5
54,2011-03-03,"['Dwight Howard', 'Dwight Howard', 'Al Jefferson', 'Devin Harris', 'Devin Harris', 'Jameer Nelson', 'Dwyane Wade', 'Andrei Kirilenko']",281.3828411102295,528.8590820837261,348.5,"['Raymond Felton', 'Dwyane Wade', 'Dwyane Wade', 'Devin Harris', 'Derrick Favors', 'Mike Bibby', 'Dwight Howard', 'J.R. Smith']",257.52971839904785,463.69885061611905,244.25
55,2011-03-02,"['Toney Douglas', 'Kevin Garnett', 'Monta Ellis', 'Rajon Rondo', 'Manu Ginobili', 'Stephen Curry', 'Tim Duncan', 'Nick Young']",219.94547843933105,523.8077086885327,333.25,"['Carmelo Anthony', 'Carmelo Anthony', 'Blake Griffin', 'Nick Young', 'Monta Ellis', 'DeMarcus Cousins', 'Derrick Rose', 'Ty Lawson']",279.2405128479004,568.4586514931531,310.75
56,2011-03-01,"['Andrew Bynum', 'Brandon Jennings', 'Chauncey Billups', 'Stephen Curry', 'Chauncey Billups', 'Chauncey Billups', 'Roy Hibbert', 'Gerald Wallace']",227.75439834594727,548.7824624481203,343.75,"['Michael Beasley', 'Zach Randolph', 'DeMar DeRozan', 'Danny Granger', 'Gerald Wallace', 'Andre Miller', 'Danny Granger', 'Dirk Nowitzki']",251.9454574584961,526.2645485150911,266.5
57,2011-02-28,"['Omri Casspi', 'Andrei Kirilenko', 'Andrei Kirilenko', 'Derrick Rose', 'Paul Pierce', 'Marcus Thornton', 'Kenyon Martin', 'Andray Blatche']",223.59170722961426,566.2496912980532,282.5,"['Derrick Rose', 'Ray Allen', 'Vince Carter', 'Paul Pierce', 'Josh Smith', 'Andray Blatche', 'Devin Harris', 'Steve Nash']",241.99763870239258,457.2469907062327,263.25
58,2011-02-27,"['Stephen Curry', 'Carmelo Anthony', 'David West', ""Amar'e Stoudemire"", 'Michael Beasley', 'Stephen Jackson', 'Stephen Curry', 'Andrew Bynum']",260.02831840515137,599.8460086114178,378.25,"[""Amar'e Stoudemire"", 'Pau Gasol', 'Ramon Sessions', 'Grant Hill', 'Jrue Holiday', 'Steve Novak', 'Sebastian Telfair', 'Carmelo Anthony']",236.93872261047363,406.98743866063546,252.25
59,2011-02-26,"['Randy Foye', 'Al Jefferson', 'Devin Harris', 'Kevin Martin', 'Andrei Kirilenko', 'Rodney Stuckey', 'Beno Udrih', 'Tyson Chandler']",204.09720993041992,555.3215380221659,341.0,"['Zach Randolph', 'Ryan Gomes', 'Jordan Farmar', 'John Wall', 'Andrei Kirilenko', 'Tayshaun Prince', 'Francisco Garcia', 'Al Jefferson']",215.59725093841553,296.2409801618748,176.5
60,2011-02-25,"['LeBron James', 'Ramon Sessions', 'Monta Ellis', 'James Johnson', 'Blake Griffin', 'Paul Millsap', 'Antawn Jamison', 'Kirk Hinrich']",229.04126834869385,534.9007331261166,308.75,"['Steve Nash', 'Brandon Rush', 'Andre Iguodala', 'Dwight Howard', 'LeBron James', 'Serge Ibaka', 'Dwyane Wade', 'Boris Diaw']",271.7880277633667,507.4604159383263,306.25
61,2011-02-24,"['Derrick Rose', 'Delonte West', 'Nene Hilario', 'LeBron James', 'Glen Davis', 'Dwyane Wade', 'Luol Deng', 'LeBron James']",232.8899917602539,544.0219316852126,321.75,"['Chris Bosh', 'Arron Afflalo', 'Dwyane Wade', 'LeBron James', 'Derrick Rose', 'Kevin Garnett', 'J.R. Smith', 'Derrick Rose']",270.8949089050293,533.9005318142721,295.75
62,2011-02-23,"['Carmelo Anthony', 'Luke Ridnour', 'Kobe Bryant', 'Chauncey Billups', 'Randy Foye', 'Carmelo Anthony', 'Zach Randolph', 'Sam Young']",220.28398609161377,644.1029863032787,346.75,"['Kevin Durant', 'James Harden', 'Darren Collison', 'Carmelo Anthony', 'Derrick Rose', 'Antawn Jamison', 'Elton Brand', 'DeAndre Jordan']",255.56635856628418,486.8499084778912,273.0
63,2011-02-22,"['Ty Lawson', 'Ben Gordon', 'Metta World Peace', 'LeBron James', 'Serge Ibaka', 'J.R. Smith', 'Rajon Rondo', 'Mario Chalmers']",190.93438148498535,501.0687847006124,275.25,"['David Lee', 'Jeff Green', 'Rajon Rondo', 'Rajon Rondo', 'Paul George', 'James Harden', 'Dwyane Wade', 'Kevin Love']",246.3817195892334,527.4374881091912,328.25
64,2011-02-17,"['Derrick Rose', 'Derrick Rose', 'Carlos Boozer', 'Richard Jefferson', 'Tony Parker', 'Derrick Rose', 'Dirk Nowitzki', 'Derrick Rose']",307.22399139404297,650.468897269374,376.25,"['Derrick Rose', 'Dirk Nowitzki', 'Marcin Gortat', 'Derrick Rose', 'Derrick Rose', 'Richard Jefferson', 'Jason Kidd', 'Grant Hill']",272.2817783355713,599.3197240852238,331.75
65,2011-02-16,"['C.J. Miles', 'LeBron James', 'Jerryd Bayless', 'Kyle Lowry', 'Dwight Howard', 'Carmelo Anthony', 'JJ Hickson', 'Andre Iguodala']",226.42701148986816,617.6307587232718,361.75,"['Dwyane Wade', 'Andre Iguodala', 'Antawn Jamison', 'Lamar Odom', 'Kyle Lowry', 'Wesley Matthews', 'Brook Lopez', 'John Wall']",251.10826110839844,572.769960181332,327.25
66,2011-02-15,"['Paul Millsap', 'Steve Nash', 'Mickael Pietrus', 'Gerald Wallace', 'Serge Ibaka', 'Deron Williams', 'Steve Nash', 'Derrick Rose']",254.33687782287598,495.49489050730597,296.75,"['Kevin Durant', 'Darrell Arthur', 'Chris Paul', 'Steve Nash', 'Jeff Green', 'Taj Gibson', 'Stephen Jackson', 'Derrick Rose']",244.16319465637207,463.77673961795944,265.25
67,2011-02-14,"['Mike Bibby', 'LaMarcus Aldridge', 'Blake Griffin', 'Wesley Matthews', 'Wesley Matthews', 'LaMarcus Aldridge', 'Brandon Jennings', 'Gerald Wallace']",229.7145290374756,539.4212368087207,317.0,"['Gerald Wallace', 'Kobe Bryant', 'Brook Lopez', 'Tony Parker', 'Carmelo Anthony', 'John Salmons', 'Brook Lopez', 'Carmelo Anthony']",258.21235847473145,373.2059491894364,259.25
68,2011-02-13,"['Chris Bosh', 'Trevor Booker', 'David Lee', 'Carmelo Anthony', 'LeBron James', 'Monta Ellis', 'Wesley Matthews', 'John Wall']",218.2086696624756,716.38498576981,346.25,"['Steve Nash', 'Kevin Durant', 'Baron Davis', 'Anthony Parker', 'Ty Lawson', 'LaMarcus Aldridge', 'Kevin Durant', 'Chauncey Billups']",264.66663360595703,603.7999283788971,282.25
69,2011-02-12,"['Russell Westbrook', 'Danny Granger', 'Kevin Love', 'Danny Granger', 'Kyle Lowry', 'Gerald Wallace', 'Wilson Chandler', 'Wilson Chandler']",241.91662788391113,551.9478892260529,356.25,"['Andre Iguodala', 'Dirk Nowitzki', 'Al Horford', 'Derrick Rose', 'Manu Ginobili', 'Kevin Martin', 'Raymond Felton', 'Raymond Felton']",263.05873107910156,370.55756861620375,250.5
70,2011-02-11,"['C.J. Miles', 'Dwyane Wade', 'Kwame Brown', 'Gerald Wallace', 'Darren Collison', 'David West', 'Wilson Chandler', 'Deron Williams']",223.0681667327881,588.4011067826209,305.0,"['Tony Parker', 'Pau Gasol', 'Gerald Wallace', 'David West', 'Danilo Gallinari', 'Deron Williams', 'Andre Miller', 'Raymond Felton']",251.04784965515137,516.2053521421607,292.0
71,2011-02-10,"['Carmelo Anthony', 'Carmelo Anthony', 'Carmelo Anthony', 'Steve Nash', 'Chauncey Billups', 'Robin Lopez', 'Pau Gasol', 'Chauncey Billups']",239.33966732025146,586.6447193751585,390.75,"['Jason Kidd', 'Steve Nash', 'Chauncey Billups', 'Marcin Gortat', 'Dorell Wright', 'Carmelo Anthony', 'Grant Hill', 'Kevin Garnett']",234.67600059509277,487.5629203669513,257.25
72,2011-02-09,"['Al Jefferson', 'Randy Foye', 'David West', 'Baron Davis', 'Andre Iguodala', 'Julian Wright', 'Derrick Rose', 'Deron Williams']",226.3943395614624,536.0245720583828,316.0,"['Dirk Nowitzki', 'Andrei Kirilenko', 'Nick Young', 'Derrick Rose', 'Deron Williams', 'Carmelo Anthony', 'Danny Granger', 'Ramon Sessions']",258.63725662231445,585.4560676307178,314.0
73,2011-02-08,"['Charlie Villanueva', 'LeBron James', 'Baron Davis', 'Zach Randolph', 'Roy Hibbert', 'Jodie Meeks', 'Baron Davis', 'Andre Iguodala']",224.66137027740479,565.1089219684083,364.75,"['Michael Beasley', 'Jason Richardson', 'Carlos Delfino', 'Michael Beasley', 'Brandon Jennings', 'Zach Randolph', 'Tony Parker', 'Andrea Bargnani']",241.57525634765625,391.5802183759631,175.5
74,2011-02-07,"['Chris Paul', 'Sam Young', 'Shawn Marion', 'Gerald Wallace', 'Carmelo Anthony', 'Lamar Odom', 'Andre Miller', 'Kwame Brown']",225.53268909454346,564.3908502583203,366.75,"['Al Jefferson', 'Ronnie Brewer', 'Kendrick Perkins', 'Ty Lawson', 'Ty Lawson', 'Deron Williams', 'Antawn Jamison', 'Kobe Bryant']",216.24565887451172,513.0168496902678,256.0
75,2011-02-06,"['Danilo Gallinari', 'Dwight Howard', 'Kevin Garnett', ""Amar'e Stoudemire"", 'Lou Williams', 'Raymond Felton', 'Randy Foye', ""Amar'e Stoudemire""]",247.75455951690674,614.6939237380741,329.5,"['Danny Granger', 'Raymond Felton', 'Blake Griffin', 'Dwyane Wade', 'Wilson Chandler', 'Dwight Howard', 'LeBron James', 'LeBron James']",280.1264591217041,458.35982195129645,299.0
76,2011-02-05,"['Kevin Love', 'LaMarcus Aldridge', 'Chris Paul', 'Rudy Fernandez', 'Zach Randolph', 'Chauncey Billups', 'Chris Paul', 'Stephen Jackson']",260.55533599853516,616.7615837185074,344.5,"['Antawn Jamison', 'Zach Randolph', 'Andray Blatche', 'Deron Williams', 'Jason Kidd', 'John Salmons', 'Al Jefferson', 'Nicolas Batum']",261.82309341430664,464.0907789623454,276.25
77,2011-02-04,"['JJ Hickson', 'Al Jefferson', 'Vince Carter', 'Baron Davis', 'Carmelo Anthony', 'Deron Williams', 'Baron Davis', 'Arron Afflalo']",221.129620552063,681.608160814366,389.75,"['Jrue Holiday', 'Chauncey Billups', 'Ryan Anderson', 'Shawn Marion', 'Carmelo Anthony', 'Raymond Felton', 'Darren Collison', ""Amar'e Stoudemire""]",228.92254829406738,508.7828672348629,244.5
78,2011-02-03,"['LeBron James', 'Andris Biedriņš', 'Stephen Curry', 'LeBron James', 'Steve Blake', 'LeBron James', 'Dwight Howard', 'Tim Duncan']",217.40357971191406,597.8887926034763,384.75,"['Tony Parker', 'Dwyane Wade', 'Kobe Bryant', 'Dwight Howard', 'Chris Bosh', 'Mario Chalmers', 'Dwight Howard', 'Pau Gasol']",275.87853050231934,443.16212565524097,238.5
79,2011-02-02,"['Luis Scola', 'Blake Griffin', 'Joe Johnson', 'Stephen Jackson', 'Ramon Sessions', 'Nene Hilario', 'Jonny Flynn', 'Danny Granger']",207.41996002197266,516.9918729865511,351.75,"['Al Horford', 'Josh Smith', 'Kevin Love', 'Rudy Gay', 'Ramon Sessions', 'Al Horford', 'Joe Johnson', 'Jose Calderon']",240.1535301208496,582.3581889534288,343.25
80,2011-02-01,"['Rajon Rondo', 'Kevin Martin', 'LaMarcus Aldridge', 'Paul Pierce', 'LaMarcus Aldridge', 'Manu Ginobili', 'Chris Paul', 'DeJuan Blair']",231.28976440429688,527.302519858653,355.5,"['Paul Pierce', 'Andre Miller', 'Chuck Hayes', 'Andray Blatche', 'Kirk Hinrich', 'Richard Jefferson', 'Kevin Martin', 'Donte Greene']",198.6671314239502,500.51790405496104,237.0
81,2011-01-31,"['Andrei Kirilenko', 'Zydrunas Ilgauskas', 'Boris Diaw', 'Brook Lopez', 'Carmelo Anthony', 'Jason Kidd', 'Mike Conley', 'Stephen Graham']",208.7282657623291,526.9834955942243,279.5,"['Carmelo Anthony', 'Carmelo Anthony', 'Andray Blatche', 'Carmelo Anthony', 'Travis Outlaw', 'Chauncey Billups', 'Zach Randolph', 'Dwyane Wade']",283.886510848999,683.6857922541019,331.0
82,2011-01-30,"['Kevin Garnett', 'Reggie Williams', 'Kevin Durant', 'Danilo Gallinari', 'Andre Iguodala', 'Chris Paul', 'Steve Nash', 'Chris Wilcox']",237.1208953857422,501.71591392930986,321.25,"['David Lee', 'Dwight Howard', 'Lou Williams', 'Kevin Durant', 'C.J. Miles', 'Rodney Stuckey', 'Dwight Howard', 'Dwyane Wade']",270.8978576660156,472.1278804789053,272.5
83,2011-01-29,"['Mike Conley', 'Joe Johnson', 'Trevor Booker', 'Jonny Flynn', 'DeJuan Blair', 'DeJuan Blair', 'Zach Randolph', 'Andrew Bogut']",198.76841831207275,555.3204768033756,339.25,"['Blake Griffin', 'Devin Harris', 'Baron Davis', 'Derrick Rose', 'Gerald Wallace', 'Rudy Gay', 'Jason Kidd', 'Derrick Rose']",294.3507499694824,472.6000923912383,261.75
84,2011-01-28,"['Andrei Kirilenko', 'Raymond Felton', 'Ben Gordon', 'Paul Millsap', 'Austin Daye', 'Tracy McGrady', 'Luol Deng', 'Kevin Love']",195.64818286895752,555.6783481774487,364.75,"['Andres Nocioni', 'DeMarcus Cousins', 'Antawn Jamison', 'Vince Carter', 'Mike Bibby', 'Ray Allen', 'Ramon Sessions', 'Al Jefferson']",234.34781455993652,376.494939194055,232.25
85,2011-01-27,"['Jason Kidd', 'LeBron James', 'Kevin Garnett', 'Dwyane Wade', 'LeBron James', 'Raymond Felton', 'Rudy Fernandez', 'Kevin Martin']",257.0285053253174,529.9145974621272,323.25,"['Raymond Felton', 'Nicolas Batum', 'Rajon Rondo', 'Dwyane Wade', ""Amar'e Stoudemire"", 'Toney Douglas', 'Dirk Nowitzki', 'LaMarcus Aldridge']",259.86178398132324,596.7596807330357,260.25
86,2011-01-26,"['Kevin Durant', 'Carlos Delfino', 'Josh Smith', 'Jrue Holiday', 'Kyle Lowry', 'Monta Ellis', 'Dwight Howard', 'Zach Randolph']",264.8067264556885,563.8250530164422,358.0,"['Deron Williams', 'Deron Williams', 'Zach Randolph', 'Gerald Wallace', 'Steve Nash', 'Boris Diaw', 'Dwight Howard', 'Chris Quinn']",250.54220962524414,526.0197998248203,343.75
87,2011-01-25,"['Gerald Wallace', 'Rajon Rondo', 'Deron Williams', 'Shawn Marion', 'Baron Davis', 'Nene Hilario', 'JJ Hickson', 'Tyreke Evans']",200.4119577407837,504.65620237573347,294.25,"['Carl Landry', 'Ty Lawson', 'Deron Williams', 'Boris Diaw', 'Pau Gasol', 'John Wall', 'Blake Griffin', 'Carmelo Anthony']",257.7646255493164,439.8908124355053,258.25
88,2011-01-24,"['Luke Ridnour', 'Kurt Thomas', 'Monta Ellis', 'Wilson Chandler', 'Brook Lopez', 'Dwight Howard', 'Monta Ellis', 'Kevin Martin']",223.1625165939331,651.2853882079245,333.25,"['Michael Beasley', 'Jrue Holiday', 'Antawn Jamison', 'Martell Webster', 'Marc Gasol', 'Derrick Rose', 'Raymond Felton', 'DeJuan Blair']",222.73989868164062,457.11147198276007,250.25
89,2011-01-23,"['Tyler Hansbrough', 'Carmelo Anthony', 'J.R. Smith', 'Jeff Foster', 'Carmelo Anthony', 'Carmelo Anthony', 'Carmelo Anthony', 'Carmelo Anthony']",248.29302787780762,669.98719259825,345.75,"['A.J. Price', 'Paul George', 'Roy Hibbert', 'Carmelo Anthony', 'Carmelo Anthony', 'Melvin Ely', 'Danny Granger', 'T.J. Ford']",193.62372589111328,351.5320126852324,184.25
90,2011-01-22,"['Deron Williams', 'Andrew Bogut', 'Rudy Fernandez', 'Marcin Gortat', 'Derrick Rose', 'Rashard Lewis', 'Mike Conley', 'Nicolas Batum']",232.74260902404785,530.4964158678108,299.5,"['Deron Williams', 'Antawn Jamison', 'Mike Miller', 'Baron Davis', 'Rashard Lewis', 'Russell Westbrook', 'Tony Parker', 'Chuck Hayes']",219.15173244476318,493.09204996337957,307.75
91,2011-01-21,"['Lamar Odom', 'Dwight Howard', 'Kevin Martin', 'John Wall', 'DeJuan Blair', 'Josh Smith', 'Rashard Lewis', 'Nick Young']",233.22115325927734,569.5584943055588,325.75,"['Andrei Kirilenko', 'Pau Gasol', 'DeMarcus Cousins', 'John Wall', 'C.J. Miles', 'John Wall', 'Vince Carter', 'Nick Young']",232.39182472229004,485.0104593656141,279.5
92,2011-01-20,"['Derrick Rose', 'Lou Williams', 'D.J. Augustin', 'Blake Griffin', 'Kurt Thomas', 'Andre Iguodala', 'Nicolas Batum', 'Stephen Jackson']",219.4375514984131,507.3585439816475,297.25,"['Carlos Boozer', 'Luol Deng', 'Baron Davis', 'Shaun Livingston', 'Derrick Rose', 'Boris Diaw', 'LaMarcus Aldridge', 'Eduardo Najera']",220.39904022216797,378.48801204606247,184.5
93,2011-01-19,"['Carmelo Anthony', 'Tony Parker', 'Danny Granger', 'Andrea Bargnani', 'Steve Nash', 'Danny Granger', 'Grant Hill', 'Corey Maggette']",227.55055618286133,648.9554390166547,372.0,"['Manu Ginobili', 'Tony Parker', 'Anthony Tolliver', 'Baron Davis', 'Danilo Gallinari', 'Elton Brand', 'Lou Williams', 'Blake Griffin']",219.75781631469727,421.5695148419827,248.5
94,2011-01-18,"['Luol Deng', 'Luol Deng', 'Derrick Rose', 'Jamal Crawford', 'Josh Smith', 'Gerald Wallace', 'Taj Gibson', 'Derrick Rose']",244.02819347381592,508.90263744094483,296.5,"['Al Horford', 'Gerald Wallace', 'Tyrus Thomas', 'Derrick Rose', 'Luol Deng', 'Derrick Rose', 'Maurice Evans', 'C.J. Watson']",229.7405605316162,433.77548595132225,234.75
95,2011-01-17,"['Deron Williams', 'Andrew Bynum', 'Deron Williams', 'Dwight Howard', 'Steve Nash', 'Paul Millsap', 'LaMarcus Aldridge', 'Derrick Rose']",285.57375144958496,621.3156651480033,387.75,"[""Amar'e Stoudemire"", 'Wilson Chandler', 'Rudy Fernandez', 'Al Horford', 'C.J. Miles', 'Wilson Chandler', 'Derrick Rose', 'Baron Davis']",249.97809600830078,499.61895828805245,331.25
96,2011-01-16,"['Tim Duncan', 'J.R. Smith', 'Tony Parker', 'Kobe Bryant', 'Kobe Bryant', 'Pau Gasol', 'Eric Gordon', 'Manu Ginobili']",233.40091705322266,526.9099193792661,334.5,"['Tony Parker', 'Carmelo Anthony', 'Blake Griffin', 'Richard Jefferson', 'Pau Gasol', 'Blake Griffin', 'Carmelo Anthony', 'Carmelo Anthony']",289.2539367675781,486.65948046323814,269.0
97,2011-01-15,"['Kwame Brown', 'Corey Brewer', 'LaMarcus Aldridge', 'Chauncey Billups', 'Al Thornton', 'Jose Calderon', 'Ryan Anderson', 'Boris Diaw']",172.64257049560547,552.4563595751615,313.25,"['Travis Outlaw', 'LaMarcus Aldridge', 'Kevin Love', 'Mike Conley', 'Boris Diaw', 'Dwyane Wade', 'Kyle Lowry', 'Al Horford']",237.4577865600586,608.8360059232944,308.25
98,2011-01-14,"['Monta Ellis', 'Steve Nash', 'Brook Lopez', 'DeMarcus Cousins', 'Brook Lopez', 'Beno Udrih', 'Beno Udrih', 'Derrick Rose']",212.27235984802246,475.7589146189723,390.5,"['Ben Gordon', 'Kris Humphries', 'David West', 'Travis Outlaw', 'Dorell Wright', 'Stephen Curry', ""Amar'e Stoudemire"", 'Rajon Rondo']",238.13958549499512,445.72208208966157,276.75
99,2011-01-13,"['Chris Bosh', 'Jason Richardson', 'Al Thornton', 'Russell Westbrook', 'Russell Westbrook', 'Kevin Love', 'Kevin Durant', 'Russell Westbrook']",257.68985080718994,621.0905001327618,411.5,"['Carmelo Anthony', 'Lazar Hayward', 'Russell Westbrook', 'Ty Lawson', 'Kevin Love', 'Dwyane Wade', 'Kevin Durant', 'Serge Ibaka']",272.4663772583008,428.8821674354921,292.25
100,2011-01-12,"['Danny Granger', 'Russell Westbrook', 'Chris Bosh', 'Marc Gasol', 'Leandro Barbosa', 'D.J. Augustin', 'Raymond Felton', 'Mike Dunleavy']",218.47456073760986,513.0810749255339,324.75,"['Dwight Howard', 'Jason Kidd', ""Amar'e Stoudemire"", 'Dwyane Wade', 'Josh Smith', 'Dwyane Wade', 'Devin Harris', 'Tim Duncan']",289.65636825561523,639.0622873010343,352.0
101,2011-01-11,"['Wilson Chandler', 'Arron Afflalo', 'Kobe Bryant', 'Arron Afflalo', 'Ronny Turiaf', 'Wilson Chandler', 'Mike Dunleavy', 'Darren Collison']",169.8133201599121,561.41289596061,314.5,"['Andre Miller', 'Elton Brand', 'Antawn Jamison', 'Jrue Holiday', 'LaMarcus Aldridge', 'Kobe Bryant', 'Tim Duncan', 'Andre Miller']",259.3812503814697,469.17030798681776,247.25
102,2011-01-10,"['Derrick Rose', 'Carlos Boozer', 'Ronnie Brewer', 'Luol Deng', 'D.J. Augustin', 'Paul Pierce', 'Derrick Rose', 'Stephen Jackson']",239.8702564239502,606.5711115035148,325.5,"['Stephen Jackson', 'Paul Pierce', 'Shane Battier', 'Ray Allen', 'Derrick Rose', 'Shane Battier', 'Derrick Rose', 'Greg Monroe']",239.56219482421875,501.3817416536848,277.25
103,2011-01-09,"['Baron Davis', 'Nene Hilario', 'Pau Gasol', 'LeBron James', 'Jason Thompson', 'Antawn Jamison', 'JJ Hickson', 'Steve Nash']",211.23521423339844,563.5142121344625,398.75,"['J.R. Smith', 'David Lee', 'DeMar DeRozan', 'Ramon Sessions', 'Julian Wright', 'Beno Udrih', ""Amar'e Stoudemire"", 'Raymond Felton']",238.93064308166504,420.12222533058247,232.0
104,2011-01-08,"['Paul Millsap', 'Stephen Jackson', 'O.J. Mayo', 'Josh Smith', 'Russell Westbrook', 'Jrue Holiday', 'Ersan Ilyasova', 'DeShawn Stevenson']",211.5328893661499,645.9465195259636,354.0,"['Al Horford', 'Deron Williams', 'Zach Randolph', 'Boris Diaw', 'Paul Millsap', 'Danny Granger', 'Derrick Rose', 'Andrei Kirilenko']",284.8327693939209,542.1080080749832,321.25
105,2011-01-07,"['Emeka Okafor', 'Rashard Lewis', 'Tyler Hansbrough', 'Goran Dragic', 'LaMarcus Aldridge', 'Rudy Gay', 'Danny Granger', 'Raymond Felton']",216.51940536499023,617.5211971161065,343.25,"['Michael Beasley', 'Michael Beasley', 'Dwyane Wade', 'Derrick Rose', 'Anderson Varejao', 'Vince Carter', 'John Wall', 'Nikola Pekovic']",247.4213581085205,438.00758775035376,192.75
106,2011-01-06,"['Tyreke Evans', 'Tyson Chandler', 'Tyreke Evans', 'Shawn Marion', 'Tyreke Evans', 'Russell Westbrook', 'Francisco Garcia', 'Shawn Marion']",220.26430702209473,638.2615723341011,337.0,"['Serge Ibaka', 'Kevin Durant', 'Nenad Krstic', 'Russell Westbrook', 'Russell Westbrook', 'Carmelo Anthony', 'Tyreke Evans', 'Chauncey Billups']",242.30241203308105,559.3877051656011,258.5
107,2011-01-05,"['Jrue Holiday', 'Rajon Rondo', 'Mo Williams', 'Kevin Martin', 'Quincy Pondexter', 'Dwight Howard', 'Blake Griffin', 'Chauncey Billups']",238.56484413146973,571.0612497876638,365.0,"['Jrue Holiday', 'David Lee', 'LaMarcus Aldridge', 'Josh Howard', 'Stephen Curry', 'Antawn Jamison', 'Derrick Rose', 'Richard Jefferson']",241.18890380859375,430.13454550804624,248.0
108,2011-01-04,"['Russell Westbrook', 'Chris Bosh', 'Raymond Felton', 'Taj Gibson', 'Wilson Chandler', 'DeShawn Stevenson', 'Jerryd Bayless', 'Wilson Chandler']",187.38712978363037,539.5470180880671,319.0,"['Tayshaun Prince', 'Pau Gasol', 'Tyreke Evans', 'LaMarcus Aldridge', 'Kevin Durant', 'Josh Smith', 'Tony Parker', 'Kobe Bryant']",252.52417945861816,550.7676661765964,329.75
109,2011-01-03,"['Stephen Curry', 'Ben Gordon', 'LeBron James', 'Deron Williams', 'Hedo Türkoğlu', 'Al Jefferson', 'Dwight Howard', 'LeBron James']",248.3715591430664,606.9526500726415,354.0,"['D.J. Augustin', 'Austin Daye', 'Al Jefferson', 'Chris Paul', 'Dwight Howard', 'David West', 'Dwyane Wade', 'Carmelo Anthony']",260.3384437561035,576.7446766976112,303.25
110,2011-01-02,"['Mike Bibby', 'Marcus Camby', 'Baron Davis', 'Francisco Garcia', 'Rudy Fernandez', 'LaMarcus Aldridge', 'Rudy Gay', 'Omri Casspi']",195.83233547210693,521.9880290465392,265.5,"['Ramon Sessions', 'Joe Johnson', ""Amar'e Stoudemire"", 'Joe Johnson', 'Blake Griffin', 'Kobe Bryant', 'Danilo Gallinari', 'Aaron Brooks']",227.45198249816895,610.1641551932057,308.5
111,2011-01-01,"['Stephen Curry', 'John Salmons', 'Chris Paul', 'LeBron James', 'John Salmons', 'Chris Andersen', 'Kevin Love', 'Antawn Jamison']",226.7526454925537,588.210380468425,330.5,"['Luol Deng', 'Jeff Green', 'Carlos Boozer', 'Tony Parker', 'Marc Gasol', 'James Jones', 'Jarrett Jack', 'Kevin Durant']",230.37175750732422,364.13358286608263,210.75
112,2010-12-31,"['Carlos Boozer', 'Derrick Rose', 'Linas Kleiza', 'Rashard Lewis', 'Brad Miller', 'Jose Calderon', 'Jared Dudley', 'Luol Deng']",196.68822479248047,521.0553402979024,294.5,"['Nate Robinson', 'Julian Wright', 'Kevin Durant', 'Roy Hibbert', 'Danny Granger', 'D.J. Augustin', 'Kevin Martin', 'Lamar Odom']",217.29532432556152,453.16637657653786,217.5
113,2010-12-30,"['Marcus Camby', 'Deron Williams', 'Danilo Gallinari', 'Jason Kidd', 'Deron Williams', ""Amar'e Stoudemire"", 'Gilbert Arenas', 'Jason Kidd']",251.80353355407715,510.73361830475227,315.75,"['Caron Butler', ""Amar'e Stoudemire"", 'Danilo Gallinari', 'Nicolas Batum', 'Dwight Howard', 'C.J. Miles', 'Jason Kidd', 'Jason Kidd']",246.53775215148926,464.0607954202961,287.75
114,2010-12-29,"['Stephen Jackson', 'Dorell Wright', 'John Wall', 'Kevin Durant', 'Chauncey Billups', 'Spencer Hawes', 'Dwyane Wade', 'Darrell Arthur']",251.36243152618408,528.9759178429176,331.5,"['Josh Smith', 'David Lee', 'Anderson Varejao', 'Danny Granger', 'Luke Walton', 'Kirk Hinrich', 'Nick Young', 'Baron Davis']",204.7210807800293,481.9499028432491,222.75
115,2010-12-28,"['Derrick Rose', 'Chris Andersen', 'Dwyane Wade', 'Kobe Bryant', 'Chris Andersen', 'Brandon Rush', 'Richard Jefferson', 'Dwyane Wade']",223.61257553100586,644.6608948068115,314.25,"['Nicolas Batum', 'LeBron James', 'Lamar Odom', 'Keyon Dooling', 'Dwight Howard', 'DeMar DeRozan', 'Derrick Rose', 'Derrick Rose']",258.8934726715088,549.6172345591781,263.5
116,2010-12-27,"['Monta Ellis', 'Jason Kidd', 'Stephen Curry', 'Jrue Holiday', 'Deron Williams', 'Ike Diogu', 'Linas Kleiza', 'Jason Richardson']",199.8940372467041,506.5927566044122,293.5,"['Boris Diaw', 'LaMarcus Aldridge', 'Kris Humphries', 'Michael Beasley', 'Chris Paul', 'Rudy Gay', 'Jose Calderon', 'Al Horford']",244.2354221343994,563.282010149442,326.5
117,2010-12-26,"['Blake Griffin', 'Steve Nash', 'Ryan Gomes', 'Chauncey Billups', 'Elton Brand', 'Tony Parker', 'Antawn Jamison', 'Luke Ridnour']",223.53421878814697,590.4666886456663,323.75,"['David West', 'Anderson Varejao', 'Andre Iguodala', 'Eric Gordon', 'Steve Nash', 'Al Thornton', 'Mike Conley', 'Chris Paul']",249.45333862304688,527.4644074219542,256.75
118,2010-12-25,"['Chauncey Billups', 'Marcus Camby', 'LaMarcus Aldridge', 'James Jones', 'Nicolas Batum', 'LeBron James', 'Derrick Rose', 'Hedo Türkoğlu']",217.66489601135254,463.36102079064926,314.5,"['Andre Miller', 'Paul Pierce', 'Danilo Gallinari', 'Derrick Rose', 'LeBron James', 'Dwight Howard', 'Dwight Howard', 'David Lee']",284.80619049072266,510.256564005803,331.0
119,2010-12-23,"['Andrew Bogut', 'LeBron James', 'Steve Nash', 'Jared Dudley', 'John Salmons', 'Jared Dudley', 'Chris Bosh', 'LeBron James']",228.12989044189453,524.746702493261,371.5,"['Dwight Howard', 'Steve Nash', 'Dwight Howard', 'LeBron James', 'Matt Bonner', 'Dwight Howard', 'Brandon Jennings', 'Grant Hill']",278.89090156555176,558.2694705662155,287.5
120,2010-12-22,"['Devin Harris', 'Blake Griffin', 'Richard Hamilton', 'Wilson Chandler', 'Deron Williams', 'Michael Beasley', 'Kevin Martin', 'Kirk Hinrich']",219.85179328918457,554.9678173237565,352.75,"['Blake Griffin', ""Amar'e Stoudemire"", 'Michael Beasley', 'Blake Griffin', 'Russell Westbrook', 'Deron Williams', 'Chauncey Billups', 'Michael Beasley']",289.5489864349365,542.8987237300299,368.0
121,2010-12-21,"['Hedo Türkoğlu', 'Vladimir Radmanovic', 'Sasha Vujačić', 'Jeff Green', 'Jason Kidd', 'Dirk Nowitzki', 'John Salmons', 'Dwight Howard']",194.3408670425415,550.9301419016174,285.5,"['Carlos Boozer', 'Dorell Wright', 'Devin Harris', 'Andre Iguodala', 'Dorell Wright', 'Kris Humphries', 'Derrick Rose', 'D.J. Augustin']",240.12343788146973,551.43600652983,264.75
122,2010-12-20,"['Kevin Martin', 'Eric Gordon', 'Mo Williams', 'Tim Duncan', 'LaMarcus Aldridge', 'Daniel Gibson', 'Steve Nash', 'Josh Smith']",229.95683670043945,605.384204597689,382.0,"['Aaron Brooks', 'Al Horford', 'LaMarcus Aldridge', 'J.J. Redick', 'LeBron James', 'Mo Williams', 'Blake Griffin', 'Dorell Wright']",242.8422555923462,479.3915696190543,272.25
123,2010-12-19,"['Pau Gasol', 'Paul Pierce', 'Kevin Durant', 'Kobe Bryant', 'Russell Westbrook', 'Chris Paul', 'Pau Gasol', 'David West']",278.59270668029785,532.2398335324683,340.5,"['Rajon Rondo', 'Mike Bibby', 'Josh Smith', 'Joe Johnson', 'Kevin Durant', 'Carl Landry', 'Andrea Bargnani', 'David West']",225.75355911254883,393.08793916489583,211.75
124,2010-12-18,"['Kevin Love', 'Zach Randolph', 'Kevin Love', 'Andray Blatche', 'Deron Williams', 'Carmelo Anthony', 'Derrick Rose', 'Ty Lawson']",289.34302139282227,795.0602720773775,439.5,"['Zach Randolph', 'Michael Beasley', 'Carmelo Anthony', 'LeBron James', 'Baron Davis', 'Zach Randolph', 'LeBron James', 'Corey Brewer']",268.22887992858887,557.4494911669269,334.25
125,2010-12-17,"['Jose Calderon', 'Danny Granger', 'Shane Battier', 'Kevin Martin', 'LeBron James', 'Raymond Felton', 'Kyle Lowry', 'Jason Terry']",223.42574310302734,627.3956180009648,376.25,"['Andre Miller', 'Blake Griffin', 'Chris Paul', 'Danny Granger', 'Deron Williams', 'Al Horford', 'Tony Allen', 'Kobe Bryant']",255.65375900268555,467.4672746684397,247.0
126,2010-12-16,"['Ty Lawson', 'Tim Duncan', 'Paul Pierce', 'Ray Allen', 'J.R. Smith', 'Richard Jefferson', 'Tony Parker', 'Tim Duncan']",215.8652744293213,480.4091689928817,321.75,"['Tony Parker', 'Gilbert Arenas', 'Carmelo Anthony', 'Derrick Favors', 'Brook Lopez', 'Josh Smith', 'Rajon Rondo', 'Paul Pierce']",236.4315242767334,392.3122636646705,219.25
127,2010-12-15,"['Raymond Felton', 'O.J. Mayo', 'Lamar Odom', 'Tyreke Evans', 'Kevin Love', 'Danilo Gallinari', 'LeBron James', 'Tyreke Evans']",235.90590286254883,590.1126342443114,326.0,"['Blake Griffin', 'Kevin Martin', 'Steve Nash', 'Shane Battier', ""Amar'e Stoudemire"", 'Raymond Felton', 'Raymond Felton', 'Raymond Felton']",269.721923828125,551.1276972219912,353.0
128,2010-12-14,"['Dorell Wright', 'Kobe Bryant', 'Sonny Weems', 'Charlie Villanueva', 'Dorell Wright', 'Richard Hamilton', 'Jerryd Bayless', 'Luis Scola']",183.4936399459839,401.79429322798535,284.75,"['Austin Daye', 'Stephen Jackson', 'Kirk Hinrich', 'Stephen Jackson', 'Dwight Howard', 'Trevor Booker', 'Kyle Lowry', 'Dwight Howard']",212.07623291015625,325.2541626067378,205.5
129,2010-12-13,"['Zach Randolph', 'Chris Paul', 'Andris Biedriņš', 'Marcus Camby', 'Greivis Vasquez', 'Deron Williams', 'Derrick Rose', 'Zach Randolph']",240.29693412780762,406.28012010522536,325.0,"['Chris Paul', 'Deron Williams', 'LeBron James', 'Andrew Bogut', 'Dwyane Wade', 'Caron Butler', 'David Lee', 'Chris Paul']",267.6311206817627,532.2066066134901,282.0
130,2010-12-12,"['Wilson Chandler', 'Raymond Felton', 'Dwight Howard', 'Wesley Matthews', 'Andre Iguodala', 'Carmelo Anthony', 'Wilson Chandler', 'Landry Fields']",231.63680839538574,563.4282896673747,333.75,"['Dante Cunningham', ""Amar'e Stoudemire"", 'Blake Griffin', 'Andre Miller', 'Wilson Chandler', 'Raymond Felton', ""Amar'e Stoudemire"", 'Lou Williams']",253.1751127243042,480.7221436099334,308.75
131,2010-12-11,"['Jerryd Bayless', 'Chris Bosh', 'Mike Dunleavy', 'Jerryd Bayless', 'Brad Miller', 'Josh Smith', 'Derrick Rose', 'Kevin Love']",216.1108102798462,527.1234151358562,334.75,"['Josh Smith', 'Derrick Rose', 'Jason Kidd', 'Zach Randolph', 'Dwyane Wade', 'Beno Udrih', 'Brandon Rush', 'Derrick Rose']",276.5197296142578,484.70697671402456,282.5
132,2010-12-10,"['Darko Miličić', 'Kevin Durant', 'Gerald Wallace', ""Amar'e Stoudemire"", 'Stephen Jackson', 'David West', 'Russell Westbrook', 'Luke Ridnour']",237.58537101745605,565.3803612165083,368.5,"['Gilbert Arenas', 'Deron Williams', 'Al Horford', 'Dorell Wright', 'LaMarcus Aldridge', 'Gerald Wallace', 'Andrew Bogut', 'Dwyane Wade']",272.32855796813965,681.3761510568927,359.0
133,2010-12-09,"['Shawn Marion', 'Andre Iguodala', 'Wesley Matthews', 'Kris Humphries', 'J.J. Barea', 'Andre Miller', 'Dwight Howard', 'Jordan Farmar']",205.01523780822754,484.92506569439195,299.5,"['Ray Allen', 'Dwight Howard', 'Paul Pierce', 'Ray Allen', 'Jason Kidd', 'Marcin Gortat', 'Jason Kidd', 'Rashard Lewis']",231.04484367370605,473.26875693140073,221.5
134,2010-12-08,"['Derrick Rose', 'LeBron James', 'Tony Parker', 'Deron Williams', 'Raymond Felton', ""Amar'e Stoudemire"", 'Al Harrington', 'Omri Casspi']",241.1304693222046,485.11550789406516,350.0,"['Kevin Durant', 'LeBron James', 'Derrick Rose', 'Tony Parker', 'Ed Davis', 'Kevin Love', 'Rudy Gay', 'C.J. Miles']",246.12628364562988,477.5661174323237,308.75
135,2010-12-07,"['Dirk Nowitzki', 'Jamal Crawford', 'John Wall', 'Caron Butler', 'Marvin Williams', 'Al Horford', 'Stephen Curry', 'Monta Ellis']",216.74866104125977,559.1116067982782,304.75,"['Gerald Wallace', 'Dirk Nowitzki', 'Tracy McGrady', 'Steve Nash', 'Steve Nash', 'Boris Diaw', 'Antawn Jamison', 'Pau Gasol']",239.8788547515869,550.9781492535922,313.5
136,2010-12-06,"['Derrick Rose', 'Kevin Love', 'Jerryd Bayless', 'Al Horford', 'Raymond Felton', 'LeBron James', 'Corey Brewer', 'Josh Smith']",240.185320854187,508.9794932836238,300.25,"['Omri Casspi', 'Kevin Durant', 'Kevin Durant', 'Al Jefferson', 'Russell Westbrook', 'LeBron James', ""Amar'e Stoudemire"", 'T.J. Ford']",254.01463222503662,604.8088988369981,290.0
137,2010-12-05,"['John Wall', ""Amar'e Stoudemire"", 'Jerryd Bayless', 'Andre Miller', 'Marc Gasol', 'Jeff Green', 'Jason Richardson', 'Antawn Jamison']",223.53940773010254,608.1965843628662,303.25,"['Nicolas Batum', 'Emeka Okafor', 'James Harden', 'Kevin Durant', 'Steve Nash', 'Andray Blatche', 'Raymond Felton', 'Carmelo Anthony']",255.6674041748047,449.37708823897503,244.5
138,2010-12-04,"['Gerald Wallace', 'Dwyane Wade', 'Jodie Meeks', 'Andrew Bogut', 'Antawn Jamison', 'Tyreke Evans', 'Andrew Bogut', 'Brandon Jennings']",238.54669570922852,551.8051758350427,348.75,"['Al Horford', 'Kyle Lowry', 'Antawn Jamison', 'Dwight Howard', 'Francisco Garcia', 'Dwyane Wade', 'Al Horford', 'LeBron James']",278.43890380859375,391.3682984372061,243.0
139,2010-12-03,"[""Amar'e Stoudemire"", 'Jordan Farmar', 'Russell Westbrook', 'Richard Jefferson', 'Nicolas Batum', 'Blake Griffin', 'Jason Thompson', 'Kirk Hinrich']",222.61074829101562,533.1476154519398,289.25,"['Baron Davis', 'Rashard Lewis', 'Kevin Love', 'Rajon Rondo', 'Kevin Garnett', 'J.R. Smith', ""Amar'e Stoudemire"", 'Carmelo Anthony']",271.6289291381836,538.3172462958274,338.75
140,2010-12-02,"['Dwyane Wade', 'Monta Ellis', 'Steve Nash', 'David Lee', 'LeBron James', 'Dwyane Wade', 'Jason Richardson', 'LeBron James']",259.85171699523926,518.5390345504381,398.0,"['Channing Frye', 'Dwyane Wade', 'Steve Nash', 'Anderson Varejao', 'Monta Ellis', 'Dorell Wright', 'Dwyane Wade', 'Mo Williams']",259.3516330718994,492.3622503336663,310.25
141,2010-12-01,"['Andrei Kirilenko', 'Jeff Green', 'Russell Westbrook', 'Zydrunas Ilgauskas', 'Russell Westbrook', 'Danny Granger', 'DeMar DeRozan', 'Ersan Ilyasova']",200.5494155883789,575.5194364834067,342.75,"['Paul Millsap', 'David West', 'Danny Granger', 'Derrick Rose', 'Gerald Wallace', 'Dirk Nowitzki', 'Nicolas Batum', 'John Wall']",249.75876998901367,457.8284971093275,209.5
142,2010-11-30,"['Elton Brand', 'Tim Duncan', 'Rashard Lewis', 'Antawn Jamison', 'Wilson Chandler', 'Brook Lopez', 'Andre Miller', 'Stephen Curry']",218.87024688720703,455.847929592965,310.5,"['Devin Harris', 'Anderson Varejao', 'Toney Douglas', 'Andre Iguodala', 'Vladimir Radmanovic', 'Mo Williams', 'Rajon Rondo', ""Amar'e Stoudemire""]",231.65347290039062,426.1665864169489,221.0
143,2010-11-29,"['Kevin Durant', 'David West', 'Dwyane Wade', 'Thabo Sefolosha', 'Gilbert Arenas', 'Russell Westbrook', 'LeBron James', 'Russell Westbrook']",249.0532398223877,685.2354428069897,366.5,"['Chris Paul', 'Deron Williams', 'Chris Bosh', 'Mario Chalmers', 'Andrew Bogut', 'Dwyane Wade', 'LeBron James', 'LeBron James']",249.1102237701416,493.57173301458704,286.25
144,2010-11-28,"['Kyle Lowry', 'Roy Hibbert', 'Devin Harris', 'Andre Miller', 'Landry Fields', 'Blake Griffin', 'Emeka Okafor', 'Josh Smith']",214.24442052841187,597.2920674751743,346.0,"['Raymond Felton', 'Lamar Odom', 'Raymond Felton', 'Carmelo Anthony', 'Kevin Durant', 'Andrei Kirilenko', 'Andrea Bargnani', 'Deron Williams']",264.86290550231934,543.1969658268575,275.0
145,2010-11-27,"['Gerald Wallace', 'Gilbert Arenas', 'Monta Ellis', 'Mo Williams', 'Gilbert Arenas', 'Chris Bosh', 'Gilbert Arenas', 'Tyson Chandler']",224.46757698059082,585.786826513453,368.5,"['Brandon Jennings', 'Chris Bosh', 'Brandon Jennings', 'Gerald Wallace', 'Beno Udrih', 'Dwight Howard', 'Al Horford', 'Shawn Marion']",255.4700870513916,551.2926887945173,297.0
146,2010-11-26,"['Shawn Marion', 'Jerryd Bayless', 'Gerald Wallace', 'Andris Biedriņš', ""Shaquille O'Neal"", 'Andris Biedriņš', 'Andre Iguodala', 'Dirk Nowitzki']",192.4654302597046,566.1122996337464,346.75,"['Paul Pierce', 'Monta Ellis', 'Mike Conley', 'Blake Griffin', 'Dorell Wright', 'Pau Gasol', 'Ty Lawson', 'Dwyane Wade']",261.1591739654541,500.0677679370538,290.5
147,2010-11-25,"['Gilbert Arenas', 'Blake Griffin', 'Jeff Teague', 'Josh Smith', 'Luther Head', 'Carl Landry', 'Gilbert Arenas', 'Josh Smith']",216.64719200134277,488.32364878501085,325.5,"['Donte Greene', 'Blake Griffin', 'Kirk Hinrich', 'Josh Smith', 'Mike Bibby', 'Al Horford', 'Gilbert Arenas', 'Tyreke Evans']",237.10875129699707,445.9165101838996,255.75
148,2010-11-24,"['Dwight Howard', 'Dorell Wright', 'Devin Harris', 'Luc Mbah a Moute', 'Mo Williams', 'Joakim Noah', 'Chris Paul', 'Reggie Evans']",223.69541931152344,588.7079527326985,327.75,"['Derrick Rose', 'Al Jefferson', 'Travis Outlaw', 'Keith Bogans', 'Dwight Howard', 'Mike Conley', 'Deron Williams', 'Rashard Lewis']",239.98291397094727,453.7781647789657,282.5
149,2010-11-23,"['Dirk Nowitzki', 'Jason Terry', 'Joakim Noah', 'Boris Diaw', 'Derrick Rose', 'Gerald Wallace', 'Joakim Noah', 'Steve Blake']",224.22778701782227,649.2135949261094,337.75,"['Derrick Rose', 'Raymond Felton', 'Wilson Chandler', 'Elton Brand', 'Mo Williams', ""Amar'e Stoudemire"", 'Gerald Wallace', 'Danny Granger']",252.37429809570312,477.32659187486183,259.75
150,2010-11-22,"['Kyle Lowry', 'LeBron James', 'Brandon Rush', 'Blake Griffin', 'Chris Paul', 'Kevin Garnett', 'Carmelo Anthony', 'LeBron James']",256.1404037475586,645.810587905362,340.75,"['Deron Williams', 'Kevin Durant', 'Dorell Wright', 'Russell Westbrook', 'Kevin Durant', 'Dwight Howard', 'Kevin Love', 'Kevin Martin']",301.01414489746094,569.3883254869321,331.5
151,2010-11-21,"['Kobe Bryant', 'Pau Gasol', 'Pau Gasol', 'Gilbert Arenas', 'Stephen Curry', 'Jeremy Lin', 'Trevor Ariza', 'Shannon Brown']",184.71454334259033,491.88025577542317,295.75,"['Pau Gasol', 'Dorell Wright', 'David West', 'Nick Young', 'Kobe Bryant', 'Francisco Garcia', 'Chris Paul', 'Jose Calderon']",243.20945739746094,455.3690534375954,241.0
152,2010-11-20,"['Raymond Felton', 'Raymond Felton', 'Stephen Jackson', 'Carmelo Anthony', 'Tyrus Thomas', 'Ryan Gomes', 'Al Jefferson', 'Stephen Jackson']",237.017333984375,619.6436789213165,376.25,"['Zach Randolph', 'Carmelo Anthony', 'Grant Hill', 'Russell Westbrook', 'Chris Bosh', 'LeBron James', 'Deron Williams', 'Tony Parker']",269.13681411743164,535.3667941136841,312.25
153,2010-11-19,"['Darko Miličić', 'Raymond Felton', 'Vladimir Radmanovic', 'Jose Calderon', 'David West', 'JaVale McGee', 'Wilson Chandler', 'Nazr Mohammed']",175.84983921051025,478.03201477367537,319.75,"['Andray Blatche', 'Stephen Jackson', 'Al Jefferson', 'Andrei Kirilenko', 'Andrei Kirilenko', 'Caron Butler', 'Tony Parker', 'Raymond Felton']",239.3809471130371,509.0626757292557,277.5
154,2010-11-18,"['Wesley Matthews', 'Marcus Camby', 'Andre Miller', 'Dwight Howard', 'Carmelo Anthony', 'Rashard Lewis', 'Jameer Nelson', 'Nicolas Batum']",221.6283359527588,475.53011367903355,278.75,"['Andre Miller', 'Al Harrington', 'J.R. Smith', 'Channing Frye', 'Carmelo Anthony', 'Eric Gordon', 'Wesley Matthews', 'Steve Nash']",202.9877471923828,353.66491336876066,185.75
155,2010-11-17,"['Ronnie Brewer', 'Marco Belinelli', 'Tim Duncan', 'Tyreke Evans', 'Evan Turner', 'Sonny Weems', 'LeBron James', 'Pau Gasol']",196.38393115997314,542.9452679879915,303.5,"['Chris Paul', 'C.J. Miles', 'Kevin Durant', 'Derrick Rose', 'JaVale McGee', 'LeBron James', 'C.J. Miles', ""Amar'e Stoudemire""]",241.81276512145996,405.8093146882965,269.25
156,2010-11-16,"['Daniel Gibson', 'Carmelo Anthony', 'Mike Bibby', 'Drew Gooden', 'Raymond Felton', 'Brandon Jennings', 'Gilbert Arenas', 'Josh Smith']",219.85858345031738,588.2060123173101,353.25,"[""Amar'e Stoudemire"", 'Lamar Odom', 'Kobe Bryant', 'Carmelo Anthony', 'Derrick Rose', 'Kobe Bryant', 'Brandon Jennings', 'Carmelo Anthony']",292.4288635253906,613.6847709355618,348.75
157,2010-11-15,"['Gerald Wallace', 'Deron Williams', 'Carmelo Anthony', 'Jason Kidd', 'Stephen Curry', 'Nene Hilario', 'Austin Daye', 'Dirk Nowitzki']",234.31722736358643,563.7053964069605,311.0,"['Lazar Hayward', 'Zach Randolph', 'Shawn Marion', 'Carmelo Anthony', 'Russell Westbrook', 'Lazar Hayward', 'Kevin Love', 'Gerald Wallace']",267.80103492736816,376.2287558816243,207.75
158,2010-11-14,"['Kobe Bryant', 'Jason Richardson', 'Pau Gasol', 'Kevin Durant', 'Marvin Williams', 'Chuck Hayes', 'Jason Richardson', 'Kyle Lowry']",225.62885093688965,608.8395748803247,348.0,"['Russell Westbrook', 'Raymond Felton', 'Brad Miller', 'Kevin Love', 'Kevin Durant', 'Michael Beasley', 'Tyreke Evans', ""Amar'e Stoudemire""]",246.17913150787354,649.554571851241,263.75
159,2010-11-13,"['Andrew Bogut', 'Rajon Rondo', 'Travis Outlaw', 'Danny Granger', 'Luol Deng', 'Luol Deng', 'Joey Dorsey', 'Tony Parker']",193.93521690368652,509.72297550634113,316.25,"['Dwyane Wade', 'Deron Williams', 'Tim Duncan', 'Derrick Rose', 'Deron Williams', 'LeBron James', 'Manu Ginobili', 'Roy Hibbert']",275.2795104980469,488.13897576021003,299.5
160,2010-11-12,"['Gerald Wallace', 'Andre Miller', 'Steve Nash', 'Kevin Love', 'Kevin Love', 'Kevin Love', 'John Wall', 'Wilson Chandler']",260.26025772094727,816.6467657640194,489.0,"[""Amar'e Stoudemire"", 'Josh Smith', 'Kevin Durant', 'Kirk Hinrich', 'Russell Westbrook', 'Al Jefferson', 'Gerald Wallace', 'Gilbert Arenas']",278.1845245361328,632.923999556859,336.5
161,2010-11-11,"['Derrick Rose', 'Luol Deng', 'Kobe Bryant', 'Nene Hilario', 'Carmelo Anthony', 'Pau Gasol', 'LeBron James', 'Shannon Brown']",237.74104118347168,547.8312094711648,392.75,"['Ray Allen', 'Kevin Garnett', 'Rajon Rondo', 'Kobe Bryant', 'Derrick Rose', 'LeBron James', 'Dorell Wright', 'Carmelo Anthony']",267.68149185180664,609.7197228624445,364.0
162,2010-11-10,"['Andrei Kirilenko', 'D.J. Augustin', 'Wilson Chandler', 'John Wall', 'Brandon Jennings', 'Deron Williams', 'Andray Blatche', 'Michael Beasley']",225.64282608032227,633.1432642222726,369.5,"['Blake Griffin', 'Andres Nocioni', 'Danilo Gallinari', 'Jason Kidd', 'Danilo Gallinari', 'Brandon Jennings', 'Michael Beasley', 'Kevin Love']",261.0951461791992,521.643372242298,249.0
163,2010-11-09,"['Ersan Ilyasova', 'Deron Williams', 'Brandon Jennings', 'Andrei Kirilenko', 'Kevin Love', 'Travis Outlaw', 'Sebastian Telfair', 'Daniel Gibson']",199.42309188842773,510.3704362281539,313.5,"['Devin Harris', 'Kris Humphries', 'Anderson Varejao', 'Antawn Jamison', 'Ty Lawson', 'Wesley Matthews', 'Danilo Gallinari', 'Brandon Jennings']",233.38628578186035,350.73393973784016,193.0
164,2010-11-08,"['Carmelo Anthony', 'DeMar DeRozan', 'Dwight Howard', 'Carmelo Anthony', 'Mike Conley', 'Dwight Howard', 'Rajon Rondo', 'Carmelo Anthony']",267.3873653411865,545.1131777968842,361.0,"['Derrick Rose', 'Rudy Gay', 'Richard Jefferson', 'Gerald Wallace', 'Jason Kidd', 'Zach Randolph', 'Monta Ellis', 'Carmelo Anthony']",257.44793701171875,546.0303346414828,285.5
165,2010-11-07,"['Kevin Durant', 'Josh Smith', 'Russell Westbrook', 'Dorell Wright', 'Joe Johnson', 'Jordan Hill', 'Pau Gasol', 'Wesley Matthews']",214.72887992858887,543.5244603734844,320.75,"['Kevin Garnett', 'Shannon Brown', 'Luis Scola', 'Michael Beasley', 'Andre Miller', 'Kobe Bryant', 'Kevin Durant', 'Rajon Rondo']",234.55061721801758,437.23584694517916,242.0
166,2010-11-06,"['Gerald Wallace', 'Al Thornton', 'Chris Bosh', 'Vince Carter', 'Rashard Lewis', 'Al Harrington', 'Shane Battier', 'Tyreke Evans']",201.73270797729492,564.2367217656089,299.25,"['Tyreke Evans', 'David West', 'Mo Williams', 'Chris Paul', 'Dirk Nowitzki', 'Arron Afflalo', 'LeBron James', 'Gerald Wallace']",234.30615997314453,492.04029418959794,303.0
167,2010-11-05,"['Kevin Love', 'Josh Smith', 'Dwight Howard', 'Gilbert Arenas', 'Lou Williams', 'LeBron James', 'Toney Douglas', 'Sebastian Telfair']",233.0732536315918,519.7639786207255,327.75,"[""Amar'e Stoudemire"", 'Josh Smith', 'Kobe Bryant', 'Luol Deng', 'Danny Granger', 'Andrei Kirilenko', 'Mike Bibby', 'Andre Iguodala']",255.90643119812012,495.4983307109151,252.25
168,2010-11-04,"['Ronny Turiaf', 'Russell Westbrook', 'Kevin Durant', 'Kevin Durant', 'Russell Westbrook', 'Derrick Rose', 'Toney Douglas', 'Taj Gibson']",222.45008659362793,678.6285330447806,363.75,"['Jeff Green', 'Russell Westbrook', 'Derrick Rose', 'Luol Deng', 'Russell Westbrook', 'Joakim Noah', 'Danilo Gallinari', ""Amar'e Stoudemire""]",246.54995346069336,585.9405581139226,315.75
169,2010-11-03,"['Carmelo Anthony', 'Luis Scola', 'Monta Ellis', 'Dirk Nowitzki', 'Jason Richardson', 'Josh Smith', 'Grant Hill', 'Al Jefferson']",250.90828704833984,680.3245707978882,366.0,"['Marcus Thornton', 'Kevin Love', 'Boris Diaw', 'Al Horford', 'Tony Parker', 'Danny Granger', 'Chris Paul', 'Rashard Lewis']",222.52053451538086,477.7294741960396,222.75
170,2010-11-02,"['Paul Pierce', 'Rajon Rondo', 'Pau Gasol', 'Paul Pierce', 'Andrew Bogut', 'LeBron James', 'Rajon Rondo', 'O.J. Mayo']",226.2041473388672,389.50956176734684,297.75,"['Chris Bosh', 'Marvin Williams', 'Lazar Hayward', 'Rajon Rondo', 'Mike Conley', 'Andre Iguodala', 'Kevin Love', 'Josh Smith']",238.8016815185547,348.86051478492953,259.25
171,2010-11-01,"['Tyreke Evans', 'Luol Deng', 'Tony Parker', 'Tyreke Evans', 'Reggie Evans', 'Andrea Bargnani', 'Ömer Aşık', 'Derrick Rose']",219.4173698425293,585.7775564533317,313.5,"['Amir Johnson', 'Linas Kleiza', 'Tony Parker', 'Blake Griffin', 'Omri Casspi', 'Derrick Rose', 'Julian Wright', 'Blake Griffin']",238.08854866027832,423.6459516933278,189.5
172,2010-10-31,"['Paul Millsap', 'Kevin Durant', 'Kobe Bryant', 'Dwyane Wade', 'Pau Gasol', 'Al Jefferson', 'Andrei Kirilenko', 'Eddie House']",250.88727951049805,590.1018914415502,325.25,"['Dwyane Wade', 'Dorell Wright', 'Russell Westbrook', 'Kobe Bryant', 'Blake Griffin', 'Dorell Wright', 'Blake Griffin', 'Russell Westbrook']",294.6247806549072,558.5794969341414,281.25
173,2010-10-30,"['John Wall', 'JaVale McGee', 'Wilson Chandler', 'Andre Miller', 'Josh Smith', 'Al Thornton', 'Darrell Arthur', 'O.J. Mayo']",184.8627815246582,518.3949418075684,335.75,"['Carmelo Anthony', 'Brandon Jennings', 'Gerald Wallace', 'Al Horford', 'Ben Gordon', 'Derrick Rose', 'Al Horford', 'Marvin Williams']",266.8689880371094,475.73406667411325,277.0
174,2010-10-29,"['Rajon Rondo', 'David Lee', 'Baron Davis', ""Amar'e Stoudemire"", 'Steve Nash', 'O.J. Mayo', 'Kevin Durant', 'Chris Bosh']",245.50794982910156,582.2827488721452,316.5,"['Rajon Rondo', 'Gerald Wallace', 'Chris Bosh', 'Michael Beasley', 'Ty Lawson', 'Monta Ellis', 'Blake Griffin', 'Chauncey Billups']",233.4747085571289,526.0908504414008,291.0
175,2010-10-28,"['Hakim Warrick', 'Grant Hill', 'Hakim Warrick', 'John Wall', 'Dwight Howard', 'John Wall', 'Paul Millsap', 'Rashard Lewis']",200.1969814300537,507.40113180669937,279.0,"['Vince Carter', 'Jameer Nelson', 'Al Jefferson', 'Rashard Lewis', 'Jameer Nelson', 'Rashard Lewis', 'Dwight Howard', 'Al Jefferson']",243.3587703704834,384.64455068593315,245.25
176,2010-10-27,"['Roy Hibbert', 'Anthony Tolliver', 'Russell Westbrook', 'Manu Ginobili', 'Jeff Green', 'Tony Parker', 'Monta Ellis', 'Chauncey Billups']",235.7721176147461,610.9177342043325,342.25,"['Chris Paul', 'Kevin Love', 'Amir Johnson', 'Brandon Jennings', 'Dorell Wright', 'Michael Beasley', 'Deron Williams', 'Chris Paul']",271.50182342529297,450.22884933968567,248.0
177,2010-10-26,"['Paul Pierce', 'Kobe Bryant', 'Dwyane Wade', 'Steve Nash', 'LeBron James', 'Pau Gasol', 'Rajon Rondo', 'LeBron James']",262.35275077819824,590.1352861359051,325.75,"['Steve Nash', 'Ray Allen', 'Jason Richardson', 'Kevin Garnett', 'Steve Blake', 'LeBron James', 'Jason Richardson', 'Chris Bosh']",217.3599452972412,545.3287443564875,247.5
